,CCS_ID,Genotype,mouse_ID,oocyte_ID,gene_ID,gene_name,fq_seq,pA_seq,polyA_len,tail_seq,tail_len,pA_U_number,tail_U_number,pA_U_percent,tail_U_percent,compare_pA_tail,type
167838,m54313U_201123_144913/77400229/ccs,cKO,BX435,6,ENSMUSG00000031016,Wee1,GCAAAGCGCGAGTTATTGATTCCGGCTCTGTTAAACTCCGGGGTAGTTCTCTATTCATGGACACAGAAAAGTCAGGAAAAAGAGAATTCGATACACGGCAAACTCCCCAAGTGAATATTAACCCCTTTACTCCGGATCCTGTACTGCTCCATTCCTCAGGACGGTGTCGTGGGAGAAAGAGAGCGTATTTTAATGATTCCTCTGAAGACATGGAAGCCAGTGATTATGAGTTTGAAGATGAAACAAGACCTGCCATTTTTTTTTTTTTTTTCTCTTTTAAAAAAAAAAAAAAAAAAAAAAAAGAAAAAAAAAAAAAAAAAAAAAAAAAAAAAAAAAA,AAAAAAAAAAAAAAAAAAAAAAAAGAAAAAAAAAAAAAAAAAAAAAAAAAAAAAAAAAA,59,AAAAAAAAAAAAAAAAAAAAAGAAAAAAAAAAAAAAAAAAAAAAAAAAAAAAAAAA,56,0,0.0,0.0,0.0,longer_pA,polyA_RNA
168648,m54313U_201123_144913/128846411/ccs,cKO,BX435,6,ENSMUSG00000031016,Wee1,CAAAGCGCGAGTTATTGATTCCGGCTCTGTTAAACTCCGGGGTAGTTCTCTATTCATGGACACAGAAAAGTCAGGAAAAAGAGAATTCGATACACGGCAAACTCCCCAAGTGAATATTAACCCCTTTACTCCGGATCCTGTACTGCTCCATTCCTCAGGACGGTGTCGTGGGAGAAAGAGAGCGTATTTTAATGATTCCTCTGAAGACATGGAAGCCAGTGATTATGAGTTTGAAGATGAAACAAGACCTGCCATTTTTTTTTTTTTTTTTCTCTTTTAAAAAAAAAAAAAAAAAAAAAAAAAAGAAAAAAAAAAAAAAAAAAAAAAAAAAAA,AAAAAAAAAAAAAAAAAAAAAAAAAAGAAAAAAAAAAAAAAAAAAAAAAAAAAAA,55,AAAAAAAAAAAAAAAAAAAAAAAGAAAAAAAAAAAAAAAAAAAAAAAAAAAA,52,0,0.0,0.0,0.0,longer_pA,polyA_RNA
170152,m54313U_201123_144913/65012729/ccs,cKO,BX435,6,ENSMUSG00000031016,Wee1,CTAGCATTAAACAATCATTGTTGTTAATAGGCTTTCTTTCAGAACAATTATGTGAAATATATAGCTGCTCTTCATGAAAAGCAGCTTCGCATCTTTTTCTTTGGACTTTGAAGCTACTGCATTGAAAAAGTGCACCTACCCCTCCCTGTTTGAATGCTGTATTAATGTAGTATAATTATTACTGGTTTTGTAAATTTTTCTTATAATGTCCCCTGTCTTTAAAACATGTTTCCTTCCTCCTGTCAAGTCTTGTACTTGGTTGTATGGTTAGCCTATTTTTAAATGTTTTGCCCAGTTTCTCTTCAATATTTGTGTATATAAACTGATCTTGGTAATACTGTACATAGCTGTTTAAAAATACCAGAATGACTTCTGACTATTCCAAGTTTTCCACAAAATACATTTTACCTGTGAATAGCCATTTGACTAACAATATTTGGCTAGTAGATGCTGCCCTCCAAAAGGAGGGAAATGTCTCACTTGTTTTCCTATTAACTTTGGTCTGAAACACATTTGCACTTGTCTGTTTGACTTGTGTCTTATTAACATTGTCTGGTGTATTAAAAGTCATTCCGTGCTTACCTTAAAAAAAAAAAAAAAAAAAAAAAAAAAGAAAAAAAAAAAAAAAAAAA,AAAAAAAAAAAAAAAAAAAAAAAAAAAGAAAAAAAAAAAAAAAAAAA,47,AAAAAAAAAAAAAAAAAAAAAAAAAGAAAAAAAAAAAAAAAAAAA,45,0,0.0,0.0,0.0,longer_pA,polyA_RNA
173887,m54313U_201114_190654/86966415/ccs,ctr,BX443,7,ENSMUSG00000031016,Wee1,GTTTCCTTCCTCCTGTCAAGTCTTGTACTTGGTTGTATGGTTAGCCTATTTTTAAATGTTTTGCCCAGTTTCTCTTCAATATTTGTGTATATAAACTGATCTTGGTAATACTGTACATAGCTGTTTAAAAATACCAGAATGACTTCTGACTATTCCAAGTTTTCCACAAAATACATTTTACCTGTGAATAGCCATTTGACTAACAATATTTGGCTAGTAGATGCTGCCCTCCAAAAGGAGGGAAATGTCTCACTTGTTTTCCTATTAACTTTGGTCTGAAACACATTTGCACTTGTCTGTTTGACTTGTGTCTTATTAACATTGTCTGGTGTATTAAAAGTCATTCCGTGCTTACCTTAAAAAAAAAAAAAAAAAAAAAAAAAAAAAAAAAAAAAAAAAAAAAAAAAAAAAAAAAAAAAAAAAAAAAAAAAAAAAAAAAAAAAAAAAAAAAAAAAAAAAAAAAAAAAA,AAAAAAAAAAAAAAAAAAAAAAAAAAAAAAAAAAAAAAAAAAAAAAAAAAAAAAAAAAAAAAAAAAAAAAAAAAAAAAAAAAAAAAAAAAAAAAAAAAAAAAAAAAAAAA,110,AAAAAAAAAAAAAAAAAAAAAAAAAAAAAAAAAAAAAAAAAAAAAAAAAAAAAAAAAAAAAAAAAAAAAAAAAAAAAAAAAAAAAAAAAAAAAAAAAAAAAAAAAAAA,108,0,0.0,0.0,0.0,longer_pA,polyA_RNA
183124,m54313U_201124_160408/81462823/ccs,ctr,BX443,7,ENSMUSG00000031016,Wee1,GTTTTGTAAATTTTTCTTATAATGTCCCCCTGTCTTTAAAACATGTTTCCTTCCTCCTGTCAAGTCTTGTACTTGGTTGTATGGTTAGCCTATTTTTAAATGTTTTGCCCAGTTTCTCTTCAATATTTGTGTATATAAACTGATCTTGGTAATACTGTACATAGCTGTTTAAAAATACCAGAATGACTTCTGACTATTCCAAGTTTTCCACAAAATACATTTTACCTGTGAATAGCCATTTGACTAACAATATTTGGCTAGTAGATGCTGCCCTCCAAAAGGAGGGAAATGTCTCACTTGTTTTCCTATTAACTTTGGTCTGAAAACACATTTGCACTTGTCTGTTTGACTTGTGTCTTATTAACATTGTCTGGTGTATTAAAAGTCATTCCGTGCTTAAAAAAAAAAAAAAAAAAAAAAAAAAAAAAAAAAAAAAAAAAAAAAAAAAAAAAAAAAAAAAAAAAAAAAAAAAAAAAAAAAAAAAAAAAAAAAAAAAAAAAAAAAAAAAAA,AAAAAAAAAAAAAAAAAAAAAAAAAAAAAAAAAAAAAAAAAAAAAAAAAAAAAAAAAAAAAAAAAAAAAAAAAAAAAAAAAAAAAAAAAAAAAAAAAAAAAAAAAAAAAAAA,112,AAAAAAAAAAAAAAAAAAAAAAAAAAAAAAAAAAAAAAAAAAAAAAAAAAAAAAAAAAAAAAAAAAAAAAAAAAAAAAAAAAAAAAAAAAAAAAAAAAAAAAAAAAAAAAA,111,0,0.0,0.0,0.0,longer_pA,polyA_RNA
204443,m54313U_201113_175135/109381918/ccs,cKO,BX435,6,ENSMUSG00000031016,Wee1,CAAAGCGCGAGTTATTGATTCCGGCTCTGTTAAACTCCGGGGTAGTTCTCTATTCATGGACACAGAAAAGTCAGGAAAAAGAGAATTCGATACACGGCAAACTCCCCAAGTGAATATTAACCCCTTTACTCCGGATCCTGTACTGCTCCATTCCTCAGGACGGTGTCGTGGGAGAAAGAGAGCGTATTTTAATGATTCCTCTGAAGACATGGAAGCCAGTGATTATGAGTTTGAAGATGAAACAAGACCTGCCATTTTTTTTTTTTTTTTTTTTTTCTCTTTTAAAAAAAAAAAAAAAAAAAAAAAAGAAAAAAAAAAAAAAAAAAAAAAAAAAAAAAAAAAAA,AAAAAAAAAAAAAAAAAAAAAAAAGAAAAAAAAAAAAAAAAAAAAAAAAAAAAAAAAAAAA,61,AAAAAAAAAAAAAAAAAAAAAGAAAAAAAAAAAAAAAAAAAAAAAAAAAAAAAAAAAA,58,0,0.0,0.0,0.0,longer_pA,polyA_RNA
208827,m54313U_201113_175135/43124082/ccs,cKO,BX435,6,ENSMUSG00000031016,Wee1,GGCTAGCATTAAACAATCATTGTTGTTAATAGGCTTTCTTTCAGAACAATTATGTGAAATATATAGCTGCTCTTCATGAAAAGCAGCTTCGCATCTTTTTCTTTGGACTTTGAAGCTACTGCATTGAAAAAGTGCACCTACCCCTCCCTGTTTGAATGCTGTATTAATGTAGTATAATTATTACTGGTTTTGTAAATTTTTCTTATAATGTCCCCTGTCTTTAAAACATGTTTCCTTCCTCCTGTCAAGTCTTGTACTTGGTTGTATGGTTAGCCTATTTTTAAATGTTTTGCCCAGTTTCTCTTCAATATTTGTGTATATAAACTGATCTTGGTAATACTGTACATAGCTGTTTAAAAATACCAGAATGACTTCTGACTATTCCAAGTTTTCCACAAAATACATTTTACCTGTGAATAGCCATTTGACTAACAATATTTGGCTAGTAGATGCTGCCCTCCAAAAGGAGGGAAATGTCTCACTTGTTTTCCTATTAACTTTGGTCTGAAACACATTTGCACTTGTCTGTTTGACTTGTGTCTTATTAACATTGTCTGGTGTATTAAAAGTCATTCCGTGCTTACCTTAAAAAAAAAAAAAAAAAAAAAAAAAAAAAAGAAAAAAAAAAAAAAAAAAAAA,AAAAAAAAAAAAAAAAAAAAAAAAAAAAAAGAAAAAAAAAAAAAAAAAAAAA,52,AAAAAAAAAAAAAAAAAAAAAAAAAAAAGAAAAAAAAAAAAAAAAAAAAA,50,0,0.0,0.0,0.0,longer_pA,polyA_RNA
265711,m54313U_201113_175135/7734875/ccs,ctr,BX442,7,ENSMUSG00000031016,Wee1,CAGTGGCACGAGATCCGGCAGGGTCGGTTACCTCGGATCCCACAAGTGCTTTCCCAGGAGGTGACAGAGTTGCTGAGAGTCATGATTCATCCTGACCCAGAGAGAAGGCCTTCAGCAATGGAGCTGGTGAAGCATTCAGTGTTGTTGTCTGCATCTAGAAAGAGCGCAGAGCAGTTACGAATAGAATTGAATGCTGAAAAATTCAAAAATTCTCTTTTGCAGAAAGAACTCAAGAAAGCCCAAATGGCAGCCAAAGTTGCAGCTGAGGAACGGGCACTCTTCACAGATCGGATGGCCACTAGATCCACCACCCAGAGTAATAGAACTTCTCGACTTATTGGAAAGAAAATGAACCGCTCTGTCAGCCTTACTATATACTGAACTGCTCACATTCCCCAGCCCTTCCCCACTCAAAGGAAAAAACTGTGACAAGAGGAAGCTAGGTTGGAATCACTGCTAGAGCCCACTTCGTGATTACTTGCCCATTGGTATCAGTAGTTTTCCTAAAACGTAACGCCTTCTGTGACTTTGAGAATTACAGTTGAGAGCTGTATTCTGACTTGGCTCTGTCAGGCTTTTGTCTCATCTCCCGTCTGTTTCATGTAGGATGTGGGTCACTGTTGGATGTTCCAGCCCCCTTTGCGGGGTGCGCCACTGTGGTGGTGTGCTGCTTCTCATTCACTGTTGCAGTGTGGTGAAAGGTGTCTTTCCTGGTTGTGACCTCTAGAAAGGACTCAAGGGCTTTACTGCGAACATCCTCTCCCTTCAAAAAGGGAAATGCTCAGAGACTCAGTACTCCTCTGCCTCCAATGTACCTGTGTCAGTCTTGCGTTTCTTTTTTCTATGTGAATTACACTTGTATATCCAACTGGGAGCACTTTAGGCATCGTGTGCGCCATGGGATGGTCATTCTATGGAGGCCTTGCCTTGTGAATTTGCTGCTATTTTAGTTTCCTCTTGCTGTAAAACTAGCATTAAACAATCATTGTTGTTAAAAAAAAAAAAAAAAAAAAAAAAAAAAAAAAAAAAAAAAAAAAAAAAAAAAAAAAAAAAAAAAAAAAAAAAAAAAAAAAAAAAAAAAAAAAAAAAAAA,AAAAAAAAAAAAAAAAAAAAAAAAAAAAAAAAAAAAAAAAAAAAAAAAAAAAAAAAAAAAAAAAAAAAAAAAAAAAAAAAAAAAAAAAAAAAAAAAAAA,99,AAAAAAAAAAAAAAAAAAAAAAAAAAAAAAAAAAAAAAAAAAAAAAAAAAAAAAAAAAAAAAAAAAAAAAAAAAAAAAAAAAAAAAAAAAAAAAAAA,97,0,0.0,0.0,0.0,longer_pA,polyA_RNA
270336,m54313U_201113_175135/45811172/ccs,ctr,BX442,7,ENSMUSG00000031016,Wee1,ATTTGTGTATATAAACTGATCTTGGTAATACTGTACATAGCTGTTTAAAAATACCAGAATGACTTCTGACTATTCCAAGTTTTCCACAAAATACATTTTACCTGTGAATAGCCATTTGACTAACAATATTTGGCTAGTAGATGCTGCCCTCCAAAAGGAGGGAAATGTCTCACTTGTTTTCCTATTAACTTTGGTCTGAAACACATTTGCACTTGTCTGTTTGACTTGTGTCTTATTAACATTGTCTGGTGTATTAAAAGTCATTCCGTGCTTACCTTAAAAAAAAAAAAAAAAAAAAAAAAAAAAAAAAAAAAAAAAAAA,AAAAAAAAAAAAAAAAAAAAAAAAAAAAAAAAAAAAAAAAAAA,43,AAAAAAAAAAAAAAAAAAAAAAAAAAAAAAAAAAAAAAAAA,41,0,0.0,0.0,0.0,longer_pA,polyA_RNA
168163,m54313U_201123_144913/95289470/ccs,cKO,BX435,6,ENSMUSG00000031016,Wee1,GTCATGGACACAGAAAAGTCAGGAAAAAGAGAATTCGATACACGGCAAACTCCCCAAGTGAATATTAACCCCTTTACTCCGGATCCTGTACTGCTCCATTCCTCAGGACGGTGTCGTGGGAGAAAGAGAGCGTATTTTAATGATTCCTCTGAAGACATGGAAGCCAGTGATTATGAGTTTGAAGATGAAACAAGACCTGCCCTTTTTTTTTTTATTTTTTATAATTTAAAAAAAAAAAAAAAAAAAAAAAAAAAAAAAAAAAAAAAAAAAAAAAAAAAAAAAAAAAAAAAAAAAAAAAAAAAAAAAAAAAAAAAAAAAAAAAAAAAAAA,AAAAAAAAAAAAAAAAAAAAAAAAAAAAAAAAAAAAAAAAAAAAAAAAAAAAAAAAAAAAAAAAAAAAAAAAAAAAAAAAAAAAAAAAAAAAAAAAAAAAAA,102,CTTTTTTTTTTTATTTTTTATAATTTAAAAAAAAAAAAAAAAAAAAAAAAAAAAAAAAAAAAAAAAAAAAAAAAAAAAAAAAAAAAAAAAAAAAAAAAAAAAAAAAAAAAAAAAAAAAAAAAAAAAAA,128,0,21.0,0.0,0.1640625,longer_tail,U_polyA_RNA
171969,m54313U_201124_160408/54003474/ccs,cKO,BX433,5,ENSMUSG00000031016,Wee1,CCCAGCAGCCCGGGAGAGCTGGAGGACGACTTGCTGCTGCAGGGCGGCGGCGGAGGCGCGCAAGCGGCGGGTGGAGGCGCCGAGGGCGACTCTTGGGAGGAGGAGGGTTTCGGCTCCTCGTCGCCCGTCAAATCACCTTCGACCGCCTACTTTCTGAGCAGCCCGTTCTCGCCAGTGCGCTGCGGCGGCCCAGGGGATGCCTCCCCGCAGGGTTGCGGGGCTCCGCGAGCCATGGACGACCCCTGCTCGCCGCAGCCCGACTACCCGAGCACCCCTCCGCACAAGACCTTCCGCAAGCTGCGCCTGTTCGACACGCCGCACACTCCCAAGAGTTTGCTTTCCAAAGCGCGAGTTATTGATTCCGGCTCTGTTAAACTCCGGGGTAGTTCTCTATTCATGGACACAGAAAAGTCAGGAAAAAGAGAATTCGATACACGGCAAACTCCCCAAGTGAATATTAACCCCTTTACTCCGGATCCTGTACTGCTCCATTCCTCAGGACGGTGTCGTGGGAGAAAGAGAGCGTATTTTAATGATTCCTCTGAAGACATGGAAGCCAGTGATTATGAGTTTGAAGATGAAACAAGACCTGCCAAAAGAATTACAATTACTGAAAGCAACATGAAGTCACGGTATACAACTGAATTTCATGAGCTGGAGAAAATTGGTTCTGGAGAATTTGGTTCTGTGTTTAAATGTGTGAAGAGGTTAGATGGATGCATTTATGCCATTAAACGATCATTTTTTTTTTTTTTTTTTTTTTAAAAAAAAAAAAAAACTATAAAAAAAAAAAAAAAAAAAAAAAAAAAAAAAAAAAAAAAAAAAAAAAAAAAAAAAAAAAA,AAAAAAAAAAAAAAACTATAAAAAAAAAAAAAAAAAAAAAAAAAAAAAAAAAAAAAAAAAAAAAAAAAAAAAAAAAAAA,79,TTTTTTTTTTTTTTTTTTTTTTAAAAAAAAAAAAAAACTATAAAAAAAAAAAAAAAAAAAAAAAAAAAAAAAAAAAAAAAAAAAAAAAAAAAAAAAAAAAA,101,2,24.0,0.02531645569620253,0.2376237623762376,longer_tail,U_polyA_RNA
187060,m54313U_201114_190654/94175599/ccs,cKO,BX433,5,ENSMUSG00000031016,Wee1,CAAGACCTGCCAAAAGAATTACAATTACTGAAAGCAACATGAAGTCACGGTATACAACTGAATTTCATGAGCTGGAGAAAATTGGTTCTGGAGAATTTGGTTCTGTGTTTAAATGTGTGAAGAGGTTAGATGGATGCATTTATGCCATTAAACGATCAAAAAAACCATTGGCTGGCTCTGTTGATGAGCAGAATGCTTTGAGAGAAGTGTATGCTCACGCTGTGCTTGGACAGCACCCCCACGTCGTTCGCTATTTCTCTGCCTGGGCAGAGGATGACCACATGCTTATACAGAACGATTTTTTTTCTTTTTATTTTTTTTTAAAAAAAAAAAAAAAAAAAAAAAAAAAAAAAAAAAAAAA,AAAAAAAAAAAAAAAAAAAAAAAAAAAAAAAAAAAAAAA,39,TTTTTTTTCTTTTTATTTTTTTTTAAAAAAAAAAAAAAAAAAAAAAAAAAAAAAAAAAAAAAA,63,0,22.0,0.0,0.3492063492063492,longer_tail,U_polyA_RNA
187638,m54313U_201114_190654/102631159/ccs,cKO,BX433,5,ENSMUSG00000031016,Wee1,GTTCTAGTGCAGAGCTTCATTCACAATGTGCTGCTTTGGGCTACATACTTGGCCACTTAGGAAGGCAAGTTGGAGGTTATATAGAGAAGACTCCAGAAGACTGGGTCCTGAAGATTGTATTTCCCTTTCCTAGAGTTTGCTTTCCAAAGCGCGAGTTATTGATTCCGGCTCTGTTAAACTCCGGGGTAGTTCTCTATTCATGGACACAGAAAAGTCAGGAAAAAGAGAATTCGATACACGGCAAACTCCCCAAGTGAATATTAACCCCTTTACTCCGGATCCTGTACTGCTCCATTCCTCAGGACGGTGTCGTGGGAGAAAGAGAGCGTATTTTAATGATTCCTCTGAAGACATGGAAGCCAGTGATTATGAGTTTGAAGATGAAACAAGACCTGCCAAAAGAATTACAATTACTGAAAGCAACATGAAGTCACGGTATACAACTGAATTTCATGAGCTGGAGAAAATTGGTTCTGGAGAATTTGGTTCTGTGTTTAAATGTGTGAAGAGGTTAGATGGATGCATTTATGCCATTAAACGATCAAAAAAACCATTGGCTGGCTCTGTTGATGAGCAGAATGCTTTGAGAGAAGTGTATGCTCACGCTGTGCTTGGACAGCACCCCCACGTCGTTCGCTATTTCTCTGCCTGGGCAGAGGATGACCACATGCTTATACAGAACGAATACTGTAATGGTGGGAGTTTAGCTGATGCTTTTATTTTTTTTTTTAATATTAAAAAAAAAAAAAAAAAAAA,AAAAAAAAAAAAAAAAAAAA,20,TTTATTTTTTTTTTTAATATTAAAAAAAAAAAAAAAAAAAA,41,0,17.0,0.0,0.4146341463414634,longer_tail,U_polyA_RNA
189639,m54313U_201114_190654/131467641/ccs,cKO,BX433,5,ENSMUSG00000031016,Wee1,GGGTTCTAGTGCAGAGCTTCATTCACAATGTGCTGCTTTGGGCTACATACTTGGCCACTTAGGAAGGCAAGTTGGAGGTTATATAGAGAAGACTCCAGAAGACTGGGTCCTGAAGATTGTATTTCCCTTTCCTAGAGTTTGCTTTCCAAAGCGCGAGTTATTGATTCCGGCTCTGTTAAACTCCGGGGTAGTTCTCTATTCATGGACACAGAAAAGTCAGGAAAAAGAGAATTCGATACACGGCAAACTCCCCAAGTGAATATTAACCCCTTTACTCCGGATCCTGTACTGCTCCATTCCTCAGGACGGTGTCGTGGGAGAAAGAGAGCGTATTTTAATGATTCCTCTGAAGACATGGAAGCCAGTGATTATGAGTTTGAAGATGAAACAAGACCTGCCAAAAGAATTACAATTACTGAAAGCAACATGAAGTCACGGTATACAACTGAATTTCATGAGCTGGAGAAAATTGGTTCTGGAGAATTTGGTTCTGTGTTTAAATGTGTGAAGAGGTTAGATGGATGCATTTATGCCATTAAACGATCAAAAAAACCATTGGCTGGCTCTGTTGATGAGCAGAATGCTTTGAGAGAAGTGTATGCTCACGCTGTGCTTGGACAGCACCCCCACGTCGTTCGCTATTTCTCTGCCTGGGCAGAGGATGACCACATGCTTATACAGAACGAATACTGTAATGGTGGGAGTTTAGCTGATGCTTTTATTTTTTTTTTTAATATTAAAAAAAAAAAAAAAAA,AAAAAAAAAAAAAAAAA,17,TTTATTTTTTTTTTTAATATTAAAAAAAAAAAAAAAAA,38,0,17.0,0.0,0.4473684210526316,longer_tail,U_polyA_RNA
192126,m54313U_201114_190654/157548730/ccs,cKO,BX433,5,ENSMUSG00000031016,Wee1,GTTCTAGTGCAGAGCTTCATTCACAATGTGCTGCTTTGGGCTACATACTTGGCCACTTAGGAAGGCAAGTTGGAGGTTATATAGAGAAGACTCCAGAAGACTGGGTCCTGAAGATTGTATTTCCCTTTCCTAGAGTTTGCTTTCCAAAGCGCGAGTTATTGATTCCGGCTCTGTTAAACTCCGGGGTAGTTCTCTATTCATGGACACAGAAAAGTCAGGAAAAAGAGAATTCGATACACGGCAAACTCCCCAAGTGAATATTAACCCCTTTACTCCGGATCCTGTACTGCTCCATTCCTCAGGACGGTGTCGTGGGAGAAAGAGAGCGTATTTTAATGATTCCTCTGAAGACATGGAAGCCAGTGATTATGAGTTTGAAGATGAAACAAGACCTGCCAAAAGAATTACAATTACTGAAAGCAACATGAAGTCACGGTATACAACTGAATTTCATGAGCTGGAGAAAATTGGTTCTGGAGAATTTGGTTCTGTGTTTAAATGTGTGAAGAGGTTAGATGGATGCATTTATGCCATTAAACGATCAAAAAAACCATTGGCTGGCTCTGTTGATGAGCAGAATGCTTTGAGAGAAGTGTATGCTCACGCTGTGCTTGGACAGCACCCCCACGTCGTTCGCTATTTCTCTGCCTGGGCAGAGGATGACCACATGCTTATACAGAACGAATACTGTAATGGTGGGAGTTTAGCTGATGCTTTTATTTTTTTTTTTAATATTAAAAAAAAAAAAAAAAAAA,AAAAAAAAAAAAAAAAAAA,19,TTTATTTTTTTTTTTAATATTAAAAAAAAAAAAAAAAAAA,40,0,17.0,0.0,0.425,longer_tail,U_polyA_RNA
193145,m54313U_201114_190654/170198875/ccs,cKO,BX433,5,ENSMUSG00000031016,Wee1,CCCAGCAGCCCGGGAGAGCTGGAGGACGACTTGCTGCTGCAGGGCGGCGGCGGAGGCGCGCAAGCGGCGGGTGGAGGCGCCGAGGGCGACTCTTGGGAGGAGGAGGGTTTCGGCTCCTCGTCGCCCGTCAAATCACCTTCGACCGCCTACTTTCTGAGCAGCCCGTTCTCGCCAGTGCGCTGCGGCGGCCCAGGGGATGCCTCCCCGCAGGGTTGCGGGGCTCCGCGAGCCATGGACGACCCCTGCTCGCCGCAGCCCGACTACCCGAGCACCCCTCCGCACAAGACCTTCCGCAAGCTGCGCCTGTTCGACACGCCGCACACTCCCAAGAGTTTGCTTTCCAAAGCGCGAGTTATTGATTCCGGCTCTGTTAAACTCCGGGGTAGTTCTCTATTCATGGACACAGAAAAGTCAGGAAAAAGAGAATTCGATACACGGCAAACTCCCCAAGTGAATATTAACCCCTTTACTCCGGATCCTGTACTGCTCCATTCCTCAGGACGGTGTCGTGGGAGAAAGAGAGCGTATTTTAATGATTCCTCTGAAGACATGGAAGCCAGTGATTATGAGTTTGAAGATGAAACAAGACCTGCCAAAAGAATTACAATTACTGAAAGCAACATGAAGTCACGGTATACAACTGAATTTCATGAGCTGGAGAAAATTGGTTCTGGAGAATTTGGTTCTGTGTTTAAATGTGTGAAGAGGTTAGATGGATGCATTTATGCCATTAAACGATCATTTTTTTTTTTTTTTTTTTTTTAAAAAAAAAAAAAAACTATAAAAAAAAAAAAAAAAAAAAAAAAAAAAAAAAAAAAAAAAAAAAAAAAAAAAAAAAAAAAAAAAA,AAAAAAAAAAAAAAACTATAAAAAAAAAAAAAAAAAAAAAAAAAAAAAAAAAAAAAAAAAAAAAAAAAAAAAAAAAAAAAAAAA,84,TTTTTTTTTTTTTTTTTTTTTTAAAAAAAAAAAAAAACTATAAAAAAAAAAAAAAAAAAAAAAAAAAAAAAAAAAAAAAAAAAAAAAAAAAAAAAAAAAAAAAAAA,106,2,24.0,0.023809523809523808,0.22641509433962265,longer_tail,U_polyA_RNA
196075,m54313U_201114_190654/49482506/ccs,cKO,BX433,5,ENSMUSG00000031016,Wee1,CCCAGCAGCCCGGGAGAGCTGGAGGACGACTTGCTGCTGCAGGGCGGCGGCGGAGGCGCGCAAGCGGCGGGTGGAGGCGCCGAGGGCGACTCTTGGGAGGAGGAGGGTTTCGGCTCCTCGTCGCCCGTCAAATCACCTTCGACCGCCTACTTTCTGAGCAGCCCGTTCTCGCCAGTGCGCTGCGGCGGCCCAGGGGATGCCTCCCCGCAGGGTTGCGGGGCTCCGCGAGCCATGGACGACCCCTGCTCGCCGCAGCCCGACTACCCGAGCACCCCTCCGCACAAGACCTTCCGCAAGCTGCGCCTGTTCGACACGCCGCACACTCCCAAGAGTTTGCTTTCCAAAGCGCGAGTTATTGATTCCGGCTCTGTTAAACTCCGGGGTAGTTCTCTATTCATGGACACAGAAAAGTCAGGAAAAAGAGAATTCGATACACGGCAAACTCCCCAAGTGAATATTAACCCCTTTACTCCGGATCCTGTACTGCTCCATTCCTCAGGACGGTGTCGTGGGAGAAAGAGAGCGTATTTTAATGATTCCTCTGAAGACATGGAAGCCAGTGATTATGAGTTTGAAGATGAAACAAGACCTGCCAAAAGAATTACAATTACTGAAAGCAACATGAAGTCACGGTATACAACTGAATTTCATGAGCTGGAGAAAATTGGTTCTGGAGAATTTGGTTCTGTGTTTAAATGTGTGAAGAGGTTAGATGGATGCATTTATGCCATTAAACGATCATTTTTTTTTTTTTTTTTTTTTTTAAAAAAAAAAAAAAACTATAAAAAAAAAAAAAAAAAAAAAAAAAAAAAAAAAAAAAAAAAAAAAAAAAAAAAAAAAAAAA,AAAAAAAAAAAAAAACTATAAAAAAAAAAAAAAAAAAAAAAAAAAAAAAAAAAAAAAAAAAAAAAAAAAAAAAAAAAAAA,80,TTTTTTTTTTTTTTTTTTTTTTTAAAAAAAAAAAAAAACTATAAAAAAAAAAAAAAAAAAAAAAAAAAAAAAAAAAAAAAAAAAAAAAAAAAAAAAAAAAAAA,103,2,25.0,0.025,0.2427184466019417,longer_tail,U_polyA_RNA
197097,m54313U_201114_190654/62455899/ccs,cKO,BX433,5,ENSMUSG00000031016,Wee1,GTTCTAGTGCAGAGCTTCATTCACAATGTGCTGCTTTGGGCTACATACTTGGCCACTTAGGAAGGCAAGTTGGAGGTTATATAGAGAAGACTCCAGAAGACTGGGTCCTGAAGATTGTATTTCCCTTTCCTAGAGTTTGCTTTCCAAAGCGCGAGTTATTGATTCCGGCTCTGTTAAACTCCGGGGTAGTTCTCTATTCATGGACACAGAAAAGTCAGGAAAAAGAGAATTCGATACACGGCAAACTCCCCAAGTGAATATTAACCCCTTTACTCCGGATCCTGTACTGCTCCATTCCTCAGGACGGTGTCGTGGGAGAAAGAGAGCGTATTTTAATGATTCCTCTGAAGACATGGAAGCCAGTGATTATGAGTTTGAAGATGAAACAAGACCTGCCAAAAGAATTACAATTACTGAAAGCAACATGAAGTCACGGTATACAACTGAATTTCATGAGCTGGAGAAAATTGGTTCTGGAGAATTTGGTTCTGTGTTTAAATGTGTGAAGAGGTTAGATGGATGCATTTATGCCATTAAACGATCAAAAAAACCATTGGCTGGCTCTGTTGATGAGCAGAATGCTTTGAGAGAAGTGTATGCTCACGCTGTGCTTGGACAGCACCCCCACGTCGTTCGCTATTTCTCTGCCTGGGCAGAGGATGACCACATGCTTATACAGAACGAATACTGTAATGGTGGGAGTTTAGCTGATGCTTTTATTTTTTTTTTTAATATTAAAAAAAAAAAAAAAAAA,AAAAAAAAAAAAAAAAAA,18,TTTATTTTTTTTTTTAATATTAAAAAAAAAAAAAAAAAA,39,0,17.0,0.0,0.4358974358974359,longer_tail,U_polyA_RNA
197507,m54313U_201114_190654/67961433/ccs,cKO,BX433,5,ENSMUSG00000031016,Wee1,GCGCTGCGGCGGCCCAGGGGATGCCTCCCCGCAGGGTTGCGGGGCTCCGCGAGCCATGGACGACCCCTGCTCGCCGCAGCCCGACTACCCGAGCACCCCTCCGCACAAGACCTTCCGCAAGCTGCGCCTGTTCGACACGCCGCACACTCCCAAGAGTTTGCTTTCCAAAGCGCGAGTTATTGATTCCGGCTCTGTTAAACTCCGGGGTAGTTCTCTATTCATGGACACAGAAAAGTCAGGAAAAAGAGAATTCGATACACGGCAAACTCCCCAAGTGAATATTAACCCCTTTACTCCGGATCCTGTACTGCTCCATTCCTCAGGACGGTGTCGTGGGAGAAAGAGAGCGTATTTTAATGATTCCTCTGAAGACATGGAAGCCAGTGATTATGAGTTTGAAGATGAAACAAGACCTGCCATTTTTTTTTTAATTTATTTTTTATTTGTTTAAAATTAAAAAAAAAAAAAAAAAAAAAAAAAAAAAAAAAAAAAAAAAAAAAAAAAAAAAAAAAAAAA,AAAATTAAAAAAAAAAAAAAAAAAAAAAAAAAAAAAAAAAAAAAAAAAAAAAAAAAAAAAAAAAAAA,67,TTTTTTTTTTAATTTATTTTTTATTTGTTTAAAATTAAAAAAAAAAAAAAAAAAAAAAAAAAAAAAAAAAAAAAAAAAAAAAAAAAAAAAAAAAAAA,97,2,27.0,0.02985074626865672,0.27835051546391754,longer_tail,U_polyA_RNA
